crun,currID
0,70333001
1,70332081
2,70330487
3,70335415
4,70334215
5,70332405
6,77357740
7,123147930
8,123397245
9,JAZ_239
10,69884254
11,123397608
12,123148056
13,70330177
14,123397177
15,123397773
16,70331509
17,70331699
18,JAZ_48
19,123147878
20,70333157
21,123148140
22,69883948
23,70332705
24,70331553
25,JAZ_49
26,69885146
27,70330689
28,69884602
29,77357652
30,70331719
31,69883794
32,70332279
33,111861519
34,111861525
35,77357624
36,70331725
37,123398236
38,70333089
39,123396901
40,70332389
41,70334685
42,123148270
43,123397891
44,69885630
45,JAZ_47
46,70330821
47,70332035
48,77357772
49,70333005
50,69885996
51,69883656
52,70331249
53,69884532
54,69884898
55,69886406
56,69886416
57,70330753
58,77358056
59,70335435
60,70334105
61,70332815
62,70333347
63,JAZ_181
64,70335393
65,70333069
66,123397837
67,70334945
68,77357764
69,70332363
70,123396785
71,69883628
72,70331675
73,69884092
74,70330189
75,69883822
76,70334095
77,70335833
78,123396782
79,75473085
80,70332757
81,70330247
82,123147868
83,70332621
84,70334613
85,70334347
86,69885628
87,70335909
88,70331769
89,70332043
90,69886204
91,70335137
92,70332459
93,123148204
94,70331855
95,70332827
96,70330823
97,JAZ_195
98,70330769
99,70330635
100,69884198
101,123398023
102,70332829
103,70336257
104,70338353
105,70334033
106,70332575
107,JAZ_185
108,111861625
109,123148177
110,123397143
111,70334167
112,69885168
113,70335425
114,70331317
115,70330277
116,70335723
117,69886616
118,JAZ_250
119,69885962
120,70334561
121,70334447
122,69885370
123,69886038
124,69884552
125,70331265
126,70331903
127,77358110
128,70333829
129,70330243
130,69885270
131,123397569
132,70330157
133,70331807
134,70333889
135,70331701
136,70331045
137,70330657
138,69886404
139,70330369
140,70335065
141,70333187
142,69885072
143,69886736
144,69884044
145,77358094
146,70331747
147,70333403
148,123147861
149,123148173
150,69883688
151,69884376
152,123396932
153,69885404
154,70333565
155,70332135
156,69884282
157,JAZ_241
158,123397877
159,69884298
160,69884138
161,70334133
162,123148200
163,70330491
164,77358432
165,123397860
166,70331481
167,69883712
168,JAZ_177
169,70336207
170,75473069
171,123148119
172,70334729
173,70330771
174,69884848
175,70334827
176,123147952
177,123398111
178,69884916
179,123398168
180,69885818
181,70330407
182,70330497
183,69887044
184,123397597
185,70332167
186,70334353
187,70332601
188,123397200
189,123148025
190,69886310
191,69884334
192,70331815
193,69884918
194,123397549
195,70333219
196,69884084
197,69884654
198,123396705
199,70331777
200,75473289
201,70330551
202,70335205
203,70335615
204,70332479
205,70330919
206,75473661
207,123397293
208,77358050
209,69885824
210,69885192
211,70334149
212,111861485
213,123397792
214,70330649
215,123397482
216,70333869
217,123396740
218,69886540
219,69886858
220,70336057
221,69884626
222,70333191
223,123148215
224,123148272
225,123148066
226,69883734
227,70331435
228,69883694
229,69884344
230,70333287
231,70331547
232,JAZ_158
233,123147891
234,70332143
235,123398074
236,69886002
237,69886654
238,70336155
239,69883992
240,69886004
241,70333483
242,70332941
243,77357766
244,70331497
245,69883870
246,123396876
247,69886968
248,123397381
249,69885042
250,69885170
251,70332177
252,70332409
253,75473225
254,77357810
255,70335647
256,70334689
257,69885254
258,70333135
259,69884890
260,70331647
261,123397734
262,69886508
263,70333961
264,70334435
265,70333945
266,70335835
267,77357728
268,70334173
269,69886306
270,123397535
271,69886026
272,123148153
273,69885148
274,70331911
275,123397698
276,123148068
277,70330749
278,69883876
279,69886670
280,69885156
281,69887074
282,70331835
283,70331947
284,70335721
285,70336269
286,69885938
287,77357992
288,123148137
289,69884112
290,70333655
291,70331099
292,JAZ_111
293,69886260
294,70332627
295,70334843
296,123147864
297,69884562
298,123396853
299,69885930
300,70332413
301,70335375
302,70332517
303,70330251
304,69885936
305,123397473
306,123148147
307,69886064
308,70333301
309,123148067
310,70332061
311,77357678
312,JAZ_24
313,70335779
314,70331419
315,JAZ_197
316,70333479
317,70334573
318,JAZ_120
319,70333023
320,77357914
321,70330311
322,70334211
323,123148250
324,123397109
325,123397037
326,69883864
327,69886432
328,70333703
329,70333859
330,70334205
331,69886906
332,70333625
333,70334783
334,70334905
335,69884828
336,69884518
337,70335627
338,70334529
339,69886452
340,69884604
341,70333461
342,70334277
343,JAZ_237
344,70335955
345,70334713
346,77357674
347,69884616
348,70331837
349,70330901
350,70330505
351,70331471
352,69886506
353,69884032
354,70333771
355,JAZ_163
356,70331713
357,69886548
358,70330281
359,70330847
360,JAZ_34
361,70330747
362,75473301
363,ZJH_0
364,JAZ_223
365,70331945
366,69886830
367,123397756
368,70331145
369,JAZ_67
370,123397242
371,70333547
372,70330289
373,69884214
374,70335895
375,69883764
376,70330643
377,70331955
378,70336203
379,70333417
380,69884528
381,70333075
382,70333221
383,JAZ_198
384,70333827
385,70333571
386,123148157
387,69884682
388,70331585
389,70334603
390,77357718
391,JAZ_54
392,69885062
393,70335667
394,70331875
395,70332131
396,70335671
397,70335985
398,69886336
399,70335995
400,70332361
401,77357620
402,123397963
403,70330957
404,69885532
405,70330477
406,69886564
407,77357984
408,70332783
409,70333485
410,69885680
411,69884416
412,69884820
413,69884202
414,JAZ_36
415,69886852
416,123397353
417,123148031
418,69885512
419,70331373
420,123397695
421,JAZ_119
422,70333013
423,123147982
424,69885886
425,69885284
426,70333917
427,123147945
428,123148123
429,123397332
430,70332117
431,70334571
432,70332733
433,70331987
434,70331021
435,69886624
436,70331115
437,70332595
438,69884558
439,70332509
440,70332673
441,70332039
442,70330297
443,69883634
444,70333339
445,123147838
446,69883772
447,69886314
448,70334081
449,69886328
450,70334695
451,70334759
452,70335165
453,123148007
454,70332311
455,69886414
456,69885234
457,70330215
458,69885496
459,70331131
460,70333835
461,70334485
462,69883946
463,69885176
464,69886808
465,123397162
466,123147995
467,70332807
468,69884610
469,69886566
470,69886702
471,123147969
472,123397012
473,69886590
474,70333363
475,70331403
476,JAZ_0
477,123396742
478,123397745
479,70331795
480,70334419
481,70330881
482,JAZ_141
483,70336363
484,123397902
485,70331455
486,70334461
487,69886426
488,69886364
489,69886536
490,70335253
491,70332847
492,70335545
493,123398060
494,70333573
495,69886442
496,69884648
497,69885860
498,70335841
499,69884618
500,70334143
501,123396779
502,70335095
503,69883868
504,69886712
505,69885650
506,70330609
507,70335199
508,69886576
509,123397115
510,77357876
511,70332513
512,123398037
513,123398105
514,70333665
515,123147828
516,70332023
517,123148073
518,69886680
519,JAZ_148
520,77358138
521,70331081
522,70332859
523,77357976
524,70334335
525,70333425
526,69886806
527,70335423
528,JAZ_178
529,70330575
530,70331991
531,70335797
532,70334873
533,70332463
534,70332729
535,77357910
536,123148041
537,123398039
538,70335057
539,70336263
540,70333967
541,123147981
542,70333395
543,70332789
544,70332889
545,70332983
546,77358286
547,70335765
548,123147917
549,75473449
550,69885344
551,70336113
552,70332981
553,123147937
554,123148058
555,69884502
556,123148181
557,70332425
558,77357700
559,70334339
560,70330359
561,ZJH_8
562,70333567
563,JAZ_114
564,123148006
565,69885674
566,70331563
567,70336333
568,69884792
569,JAZ_70
570,70333201
571,JAZ_172
572,123148185
573,70330175
574,69886730
575,123148039
576,70333183
577,70334011
578,JAZ_196
579,70335413
580,123147897
581,70332259
582,70333427
583,70334791
584,JAZ_255
585,70330555
586,69886778
587,70335925
588,70331499
589,69884690
590,70333113
591,123147822
592,69886544
593,123397420
594,123396989
595,69886390
596,70331241
597,JAZ_4
598,123147716
599,70334585
600,69887048
601,70335973
602,70332403
603,69883882
604,70331749
605,70330165
606,70334649
607,69885374
608,70332065
609,70335287
610,JAZ_109
611,69886466
612,70333203
613,JAZ_107
614,123147996
615,70335301
616,70330711
617,77357754
618,JAZ_105
619,70334707
620,123396879
621,70333975
622,70332209
623,70335695
624,69886486
625,69886280
626,70332293
627,123397307
628,70332315
629,123148057
630,69884114
631,70332095
632,69884052
633,70335893
634,JAZ_11
635,123147843
636,69885274
637,69885856
638,77358080
639,69885016
640,JAZ_90
641,70336289
642,111861763
643,70335943
644,123397521
645,123397135
646,123397628
647,69886648
648,70332819
649,70335969
650,JAZ_194
651,70333057
652,69885346
653,123397527
654,70335747
655,123398108
656,69884192
657,70333139
658,70336099
659,123396964
660,123148145
661,123148268
662,123148130
663,70330397
664,69886584
665,70331707
666,70334723
667,70335815
668,70333269
669,123397304
670,123397543
671,70334771
672,JAZ_199
673,123397387
674,70334285
675,70334409
676,70334587
677,123397787
678,70335967
679,70331319
680,70335771
681,JAZ_262
682,70331605
683,69886428
684,70336247
685,70330155
686,123147876
687,69884440
688,70330963
689,123398005
690,70333737
691,123148276
692,123148000
693,69885454
694,123397046
695,77357668
696,123397750
697,69883670
698,69883668
699,123148101
700,77357676
701,JAZ_100
702,69884732
703,69883754
704,69884154
705,70330495
706,123398025
707,69885188
708,123397524
709,69884008
710,70330557
711,70332747
712,JAZ_32
713,JAZ_64
714,JAZ_7
715,70330227
716,70331625
717,69886320
718,69886726
719,123147955
720,77357634
721,70332805
722,70336073
723,70334237
724,70332559
725,123397454
726,69886766
727,70332109
728,70334781
729,77357836
730,70334909
731,70335989
732,70336307
733,70332801
734,69884156
735,69886498
736,77357622
737,75473371
738,70331211
739,123397324
740,123147965
741,123397337
742,70333413
743,70335757
744,JAZ_245
745,70333595
746,70332591
747,69884288
748,123398233
749,69883802
750,70330327
751,70333137
752,70334125
753,70331247
754,69885762
755,70330253
756,123397132
757,70336205
758,70335719
759,123148014
760,70330953
761,70335313
762,69885334
763,70334617
764,70332835
765,123398128
766,69886438
767,70330149
768,JAZ_124
769,123397689
770,69884868
771,70331691
772,69886108
773,69886040
774,70330323
775,70331717
776,123398003
777,69884046
778,70331723
779,70331389
780,77358144
781,69883702
782,69883852
783,75473143
784,69886758
785,69885626
786,70333923
787,70330851
788,69884850
789,69886650
790,69884522
791,70332543
792,69886418
793,69886812
794,69886158
795,70333499
796,111861471
797,70330193
798,70335121
799,69885902
800,70330729
801,70331465
802,70334345
803,69886124
804,70335395
805,70331153
806,70334509
807,70331401
808,123148024
809,JAZ_184
810,69884714
811,69887126
812,70330473
813,69885400
814,69884582
815,70333239
816,70334671
817,JAZ_42
818,70332587
819,70335813
820,123396836
821,77357870
822,70330843
823,70335019
824,JAZ_37
825,70334197
826,69885332
827,70333959
828,70332159
829,77358174
830,77358092
831,69883750
832,69885874
833,70333681
834,70335387
835,70335327
836,70330967
837,69883860
838,70331531
839,75474113
840,70330547
841,JAZ_236
842,69886096
843,69886014
844,70332741
845,70331399
846,70330269
847,70334451
848,69883728
849,70333727
850,JAZ_99
851,70330583
852,69884686
853,70334995
854,69886740
855,69885518
856,123147942
857,70331883
858,69884206
859,JAZ_112
860,70330421
861,70330161
862,70334913
863,123397493
864,70335325
865,JAZ_259
866,123148223
867,70331877
868,123147997
869,70331197
870,70331031
871,70335141
872,69885796
873,70333263
874,70332051
875,70333991
876,70331609
877,69884650
878,123397611
879,69884322
880,JAZ_16
881,69885498
882,70331601
883,JAZ_147
884,70330303
885,70334271
886,69885560
887,70335845
888,JAZ_55
889,123397667
890,70334423
891,123147867
892,70332307
893,123397459
894,69884246
895,JAZ_256
896,70330819
897,70331615
898,70335733
899,70333279
900,123148148
901,70331567
902,69883840
903,70331085
904,77357726
905,123397989
906,75473675
907,69884540
908,JAZ_91
909,70333435
910,70333653
911,69884244
912,70331427
913,123398085
914,69883706
915,70333471
916,69884974
917,77357814
918,123397276
919,69884770
920,70333433
921,JAZ_9
922,70332737
923,70332813
924,77358036
925,69884050
926,70330975
927,70334199
928,69886338
929,123397262
930,69887030
931,70335675
932,69886454
933,70333409
934,69886024
935,70333591
936,70332893
937,69885638
938,70332103
939,70331929
940,70333659
941,70331811
942,70333223
943,69885020
944,70335681
945,69884556
946,70331611
947,70330455
948,70332899
949,70332173
950,70336021
951,69886180
952,123148182
953,77357656
954,77357796
955,70334927
956,70330163
957,120020867
958,69887042
959,123148155
960,69884400
961,123398278
962,70330419
963,70334115
964,123148189
965,70336135
966,69884758
967,70332759
968,77358142
969,70331561
970,70332631
971,JAZ_44
972,70331097
973,70330229
974,75473051
975,77357932
976,70333009
977,123148028
978,123397801
979,70331851
980,123398227
981,70331109
982,70335881
983,70331751
984,70331931
985,69886672
986,70332319
987,70336031
988,70334231
989,69886228
990,70331339
991,123398122
992,69886816
993,70331831
994,JAZ_17
995,70334793
996,123397479
997,69884166
998,70336007
999,70332015
1000,70334039
1001,69886824
1002,69886732
1003,69885098
1004,70335179
1005,123147931
1006,JAZ_30
1007,70335349
1008,69884178
1009,70331673
1010,JAZ_170
1011,70335359
1012,70334535
1013,70331661
1014,ZJH_2
1015,70332359
1016,70331771
1017,70333389
1018,69886354
1019,123147853
1020,123397645
1021,75473343
1022,69886176
1023,70334283
1024,123398071
1025,69886384
1026,JAZ_118
1027,70335653
1028,123148113
1029,70333531
1030,69885210
1031,123148005
1032,123397356
1033,70333883
1034,70331415
1035,123397955
1036,70330209
1037,70331477
1038,70334021
1039,69886110
1040,70331951
1041,69884380
1042,70331887
1043,70335173
1044,70332415
1045,70332317
1046,70330511
1047,69885728
1048,70334381
1049,69885124
1050,77357944
1051,70334299
1052,70334875
1053,70332221
1054,69885998
1055,70334371
1056,69884752
1057,70331907
1058,70336385
1059,123147869
1060,70330263
1061,123397829
1062,70333115
1063,70330151
1064,70330991
1065,JAZ_220
1066,70330413
1067,77358030
1068,123397426
1069,69885088
1070,70334111
1071,70331737
1072,70330401
1073,70335705
1074,70335963
1075,70331829
1076,69883610
1077,70330479
1078,69883854
1079,73028697
1080,70334221
1081,70333639
1082,70336177
1083,123397225
1084,JAZ_92
1085,70332483
1086,69884174
1087,69884452
1088,70331761
1089,70330587
1090,70333491
1091,69885632
1092,69887056
1093,70333905
1094,70330485
1095,70330993
1096,69883954
1097,69884108
1098,70330663
1099,123148061
1100,70330725
1101,69885828
1102,123148251
1103,69885230
1104,70333493
1105,123397781
1106,69883836
1107,69884726
1108,77357696
1109,123148232
1110,70333541
1111,70333911
1112,70332237
1113,123397742
1114,70330299
1115,70331967
1116,70334063
1117,69885982
1118,70330295
1119,69886574
1120,69883720
1121,123397726
1122,123397101
1123,77357632
1124,123147934
1125,123148151
1126,70335297
1127,70332947
1128,69883786
1129,70335291
1130,70334499
1131,123147821
1132,123147875
1133,69884290
1134,70335145
1135,70330661
1136,69884066
1137,70330313
1138,70332609
1139,70332397
1140,70330745
1141,69883704
1142,70332169
1143,69886282
1144,123397048
1145,70331039
1146,123398077
1147,123397456
1148,70333325
1149,JAZ_135
1150,111861135
1151,123148002
1152,69884508
1153,123398222
1154,70330337
1155,69883830
1156,70331775
1157,69884330
1158,70334001
1159,123398116
1160,70332269
1161,123397731
1162,70334171
1163,69884140
1164,70330765
1165,77358024
1166,123397617
1167,123397334
1168,70335269
1169,69886136
1170,70334069
1171,70335927
1172,69886946
1173,70331329
1174,70332785
1175,69883686
1176,123397723
1177,69885036
1178,70331113
1179,70331367
1180,70332723
1181,70333987
1182,69883760
1183,77358222
1184,69883938
1185,70330655
1186,JAZ_69
1187,70333419
1188,JAZ_203
1189,70333715
1190,70332645
1191,70334307
1192,123397868
1193,70332063
1194,69886708
1195,JAZ_242
1196,123398031
1197,JAZ_139
1198,JAZ_40
1199,70334621
1200,123397287
1201,70333979
1202,123397762
1203,69886200
1204,77358262
1205,70331129
1206,70335599
1207,69885956
1208,JAZ_56
1209,70332585
1210,77358360
1211,70331445
1212,70334449
1213,70331417
1214,70334599
1215,123148274
1216,69884678
1217,70332357
1218,123148133
1219,70332521
1220,77357826
1221,123397972
1222,70334247
1223,JAZ_211
1224,70330395
1225,70332771
1226,69886580
1227,69886546
1228,70333965
1229,69884644
1230,70332223
1231,70333431
1232,70336267
1233,70330683
1234,70332597
1235,123148234
1236,123397580
1237,69883758
1238,JAZ_252
1239,JAZ_25
1240,70331147
1241,69884270
1242,69884832
1243,69884740
1244,69886550
1245,69887060
1246,69886572
1247,70330569
1248,70331459
1249,70333679
1250,69885212
1251,70330673
1252,70334611
1253,69886324
1254,70331695
1255,70335935
1256,70334919
1257,JAZ_72
1258,123147844
1259,70336243
1260,69885826
1261,JAZ_82
1262,69884994
1263,70332187
1264,70333313
1265,JAZ_62
1266,69883940
1267,70332385
1268,70332617
1269,77357650
1270,70332025
1271,77357936
1272,69887028
1273,111861715
1274,123397032
1275,69886490
1276,123148201
1277,70332211
1278,70333529
1279,123397994
1280,JAZ_189
1281,123397946
1282,70332821
1283,123397784
1284,70330705
1285,69885704
1286,70334633
1287,123147911
1288,69884984
1289,70333587
1290,70336337
1291,JAZ_23
1292,JAZ_205
1293,70336039
1294,69885964
1295,69885120
1296,JAZ_80
1297,70331469
1298,123148237
1299,70331569
1300,70334625
1301,69884134
1302,70330169
1303,77357926
1304,70333331
1305,JAZ_260
1306,69884306
1307,70333933
1308,JAZ_53
1309,ZJH_6
1310,70331123
1311,70330685
1312,70330159
1313,70335693
1314,123147880
1315,77357794
1316,JAZ_187
1317,70334453
1318,69884880
1319,70331643
1320,70334959
1321,77357948
1322,69883732
1323,123148256
1324,69884504
1325,70336387
1326,123397296
1327,70333481
1328,70335949
1329,70332485
1330,70331193
1331,70334365
1332,69886876
1333,69884950
1334,70332455
1335,69883770
1336,69886436
1337,123397748
1338,70334805
1339,69885858
1340,JAZ_162
1341,123147835
1342,69883818
1343,70332351
1344,123397767
1345,70332863
1346,75473385
1347,70331793
1348,69884312
1349,69886604
1350,123397831
1351,75473645
1352,70334749
1353,69884750
1354,70332773
1355,70334421
1356,111861813
1357,69886526
1358,70331429
1359,69886776
1360,JAZ_129
1361,70332989
1362,70334315
1363,70333509
1364,70333801
1365,69884736
1366,69886000
1367,JAZ_161
1368,70333879
1369,123148050
1370,69884228
1371,70331479
1372,69885662
1373,70334107
1374,75473073
1375,70330859
1376,70332823
1377,70332033
1378,77357644
1379,70333441
1380,77358316
1381,69884194
1382,70333169
1383,70332407
1384,70333507
1385,70335461
1386,70332467
1387,70332753
1388,123148213
1389,70332069
1390,70330529
1391,123148062
1392,JAZ_137
1393,123148065
1394,123397916
1395,70332537
1396,123148180
1397,69885008
1398,70333505
1399,69884692
1400,70335285
1401,69886214
1402,70334295
1403,69886184
1404,123397770
1405,69883890
1406,69884816
1407,70331027
1408,77357774
1409,JAZ_83
1410,70333527
1411,123397183
1412,JAZ_133
1413,70330803
1414,70332775
1415,123148239
1416,70330549
1417,70332639
1418,69883746
1419,JAZ_31
1420,70334241
1421,70332997
1422,69884700
1423,70331091
1424,123147848
1425,123148144
1426,123147940
1427,70335337
1428,123147820
1429,69885942
1430,123148260
1431,70335731
1432,123397107
1433,JAZ_122
1434,123398020
1435,70332171
1436,123397434
1437,123147855
1438,123147929
1439,69885258
1440,70333709
1441,123147936
1442,123397529
1443,123397795
1444,70336211
1445,123148136
1446,70332525
1447,JAZ_192
1448,70332497
1449,123398119
1450,77357626
1451,70332687
1452,123397888
1453,77357830
1454,69884394
1455,123398247
1456,JAZ_52
1457,69885928
1458,69884494
1459,70332427
1460,70333411
1461,69883782
1462,77357716
1463,123147960
1464,70331839
1465,69884738
1466,70334187
1467,70336065
1468,70332599
1469,77357708
1470,77358200
1471,77358112
1472,JAZ_186
1473,70331421
1474,69886612
1475,70333551
1476,69885242
1477,69885364
1478,70333523
1479,69884180
1480,JAZ_2
1481,JAZ_86
1482,70336053
1483,69886756
1484,123148258
1485,70336283
1486,70331275
1487,69884776
1488,69884216
1489,70335579
1490,70334137
1491,70331515
1492,123397937
1493,70332607
1494,70335597
1495,111861631
1496,69884058
1497,70333109
1498,JAZ_251
1499,JAZ_71
1500,70333095
1501,123148171
1502,70334497
1503,77357994
1504,70331659
1505,70331859
1506,70331607
1507,JAZ_152
1508,70333511
1509,69885286
1510,70333667
1511,69885256
1512,69885986
1513,70333353
1514,70334369
1515,70331533
1516,77357748
1517,70332381
1518,69883866
1519,70331121
1520,70332443
1521,123397588
1522,70330347
1523,73028649
1524,123398028
1525,70331683
1526,123147954
1527,70330331
1528,70334151
1529,70331205
1530,70330719
1531,77357846
1532,70336251
1533,123148146
1534,123397622
1535,70334037
1536,70335419
1537,123397282
1538,70331915
1539,70331689
1540,70332437
1541,70333881
1542,ZJH_3
1543,70334359
1544,69885444
1545,77357738
1546,69884900
1547,69884000
1548,70334839
1549,77357874
1550,69885366
1551,69883846
1552,70331917
1553,77357776
1554,70330239
1555,123148118
1556,69883984
1557,69885892
1558,70331827
1559,69886552
1560,70333635
1561,JAZ_234
1562,69885706
1563,123148141
1564,70331253
1565,69887020
1566,JAZ_21
1567,70330639
1568,70334487
1569,70335123
1570,69883640
1571,123397639
1572,70330525
1573,69885354
1574,77358146
1575,69886692
1576,123148278
1577,123398210
1578,70330515
1579,69886190
1580,70333569
1581,75473625
1582,70333957
1583,69884724
1584,69883838
1585,69886768
1586,123398205
1587,70332495
1588,123148139
1589,70334189
1590,77358098
1591,69884640
1592,69886462
1593,70335847
1594,70330219
1595,123147994
1596,69884492
1597,70333447
1598,70335713
1599,70335799
1600,123148131
1601,70330905
1602,69886372
1603,123397809
1604,70332249
1605,70334007
1606,123397574
1607,69885972
1608,69887094
1609,69884986
1610,70330235
1611,123147974
1612,69886862
1613,70330773
1614,70334437
1615,70334745
1616,69883820
1617,70332445
1618,123148277
1619,70331447
1620,69884446
1621,69884470
1622,JAZ_224
1623,70331255
1624,69884168
1625,69884196
1626,70330669
1627,111861461
1628,123398250
1629,70333753
1630,70330831
1631,JAZ_132
1632,69884184
1633,69884484
1634,69885070
1635,69886340
1636,70334661
1637,70334703
1638,70335007
1639,70335991
1640,111861499
1641,69886188
1642,70335617
1643,75473193
1644,123397415
1645,70331385
1646,70330589
1647,70336285
1648,77357758
1649,70333011
1650,69884454
1651,70333657
1652,123397532
1653,70330797
1654,69886154
1655,69884530
1656,70333421
1657,123147818
1658,123397403
1659,69884304
1660,77358058
1661,70334379
1662,69884384
1663,69885620
1664,70335751
1665,123147925
1666,70331353
1667,69886360
1668,123397065
1669,123398242
1670,70330945
1671,70335961
1672,123397040
1673,123397975
1674,69886902
1675,70331879
1676,70331603
1677,70332679
1678,77357646
1679,69887106
1680,69886304
1681,123147939
1682,69886592
1683,70330425
1684,70334073
1685,69886210
1686,69884274
1687,70330887
1688,123147883
1689,70330999
1690,70331523
1691,69883796
1692,123397577
1693,70331075
1694,JAZ_164
1695,77357780
1696,123148212
1697,69886826
1698,70332793
1699,123398000
1700,69884804
1701,123148233
1702,123397678
1703,69884064
1704,70333293
1705,70331219
1706,70331101
1707,70331889
1708,70330507
1709,123398276
1710,123397112
1711,70334009
1712,77358122
1713,70333213
1714,123148198
1715,69884106
1716,69884268
1717,123397778
1718,70332207
1719,123397931
1720,70333007
1721,70333259
1722,77357628
1723,JAZ_10
1724,69886578
1725,70331411
1726,70332441
1727,70335193
1728,123397648
1729,69886484
1730,70330267
1731,123147924
1732,75473191
1733,69883978
1734,69886302
1735,70335185
1736,69884438
1737,70332123
1738,70332377
1739,69886918
1740,70332367
1741,123398034
1742,70332093
1743,70330231
1744,69883666
1745,123148210
1746,111861053
1747,69886646
1748,123397845
1749,70330499
1750,70332803
1751,69886524
1752,69885136
1753,JAZ_115
1754,123397310
1755,69884378
1756,69886568
1757,69886470
1758,70332391
1759,123397121
1760,123147885
1761,69884424
1762,123398065
1763,70332113
1764,123148082
1765,123396896
1766,69883614
1767,69884794
1768,69883630
1769,70330959
1770,77357732
1771,70331881
1772,70330895
1773,69885410
1774,70333211
1775,70331063
1776,70335335
1777,123147851
1778,123147905
1779,70334355
1780,70335677
1781,70330713
1782,70335999
1783,69884656
1784,JAZ_193
1785,69884496
1786,70330833
1787,70333849
1788,69886018
1789,70333739
1790,JAZ_20
1791,70336109
1792,69883808
1793,70332915
1794,123148221
1795,70330637
1796,69885392
1797,123397496
1798,70334575
1799,70331359
1800,70333705
1801,111861399
1802,70331781
1803,70336139
1804,75473587
1805,69885866
1806,70331407
1807,123148229
1808,70333643
1809,70336305
1810,123148044
1811,70330969
1812,70332203
1813,70332655
1814,123397471
1815,69886818
1816,123147999
1817,70332285
1818,JAZ_167
1819,70331939
1820,69885128
1821,70334085
1822,69884164
1823,77357840
1824,69885534
1825,70333735
1826,70336049
1827,70333951
1828,70335351
1829,123398088
1830,123147840
1831,70330399
1832,70331493
1833,70331007
1834,123148158
1835,70335275
1836,70333663
1837,69884564
1838,70330265
1839,69885820
1840,70336035
1841,123397599
1842,70333719
1843,123397237
1844,70334245
1845,70331989
1846,70334907
1847,123147989
1848,69884962
1849,70330781
1850,70335157
1851,70331285
1852,70333429
1853,70331283
1854,70331143
1855,123397803
1856,69885550
1857,70333077
1858,123397504
1859,70331379
1860,70332037
1861,70333677
1862,70331741
1863,70332255
1864,70332291
1865,69886910
1866,70330451
1867,70332323
1868,JAZ_108
1869,123148207
1870,69885028
1871,70330849
1872,70330733
1873,70332675
1874,69886952
1875,123397753
1876,123398182
1877,70331731
1878,123147832
1879,70334549
1880,77357880
1881,69886762
1882,69884234
1883,69885252
1884,69886554
1885,70335365
1886,70330385
1887,69886244
1888,123148197
1889,69885294
1890,JAZ_246
1891,123148190
1892,70330245
1893,70330523
1894,123396850
1895,69886602
1896,123397914
1897,70330961
1898,69885846
1899,123148042
1900,77357896
1901,69885458
1902,123147988
1903,70333415
1904,123148159
1905,123397798
1906,70334937
1907,69885666
1908,123397367
1909,123397681
1910,69883676
1911,70330349
1912,70331107
1913,70332991
1914,77357790
1915,77357858
1916,69884840
1917,70332473
1918,69885052
1919,70330763
1920,77357916
1921,70330293
1922,70336019
1923,123397919
1924,70332871
1925,69884072
1926,69885154
1927,77357882
1928,123147968
1929,69884116
1930,69886032
1931,70331867
1932,123397510
1933,70333043
1934,123147803
1935,70332149
1936,123397443
1937,123147900
1938,70335825
1939,77357982
1940,69886856
1941,70333633
1942,70334647
1943,70338361
1944,123148176
1945,70333205
1946,77358136
1947,70332957
1948,69886644
1949,70334163
1950,70335383
1951,77358084
1952,70333255
1953,123147985
1954,69883896
1955,69884342
1956,75473409
1957,69886734
1958,JAZ_61
1959,70331653
1960,69885064
1961,70335755
1962,69883708
1963,JAZ_233
1964,69884628
1965,123397499
1966,70332163
1967,JAZ_96
1968,69884408
1969,70332593
1970,69884600
1971,77357786
1972,77357670
1973,69886202
1974,70333437
1975,69885654
1976,123397546
1977,70336027
1978,70333383
1979,JAZ_253
1980,69885130
1981,77357972
1982,JAZ_22
1983,JAZ_176
1984,70335075
1985,70331657
1986,123147963
1987,69885960
1988,70330241
1989,JAZ_206
1990,70333673
1991,69885158
1992,70334025
1993,123397880
1994,69885830
1995,JAZ_222
1996,111861455
1997,70333903
1998,70335319
1999,77357788
2000,70332623
2001,70333081
2002,70331351
2003,123148018
2004,77357864
2005,69885544
2006,70334639
2007,123148088
2008,70335485
2009,123148043
2010,70335887
2011,70333195
2012,69886886
2013,JAZ_146
2014,70332021
2015,70334405
2016,70335333
2017,70330759
2018,69886688
2019,70330595
2020,70335529
2021,JAZ_154
2022,70330301
2023,123147943
2024,70333273
2025,70331629
2026,70334179
2027,75473411
2028,70332825
2029,69883736
2030,70335371
2031,69886374
2032,123148168
2033,70333891
2034,69883998
2035,70335497
2036,70335629
2037,70334057
2038,70332395
2039,70332097
2040,70331981
2041,123148170
2042,69885322
2043,69885428
2044,JAZ_144
2045,70330153
2046,JAZ_74
2047,70332337
2048,70333247
2049,123398043
2050,70332045
2051,70331093
2052,70333305
2053,70331923
2054,70333167
2055,123389912
2056,JAZ_209
2057,70333597
2058,70335439
2059,70334645
2060,70333899
2061,123398213
2062,69885050
2063,70334003
2064,123397431
2065,69883776
2066,77357642
2067,69884136
2068,69884566
2069,70336093
2070,JAZ_43
2071,ZJH_4
2072,69887068
2073,69884802
2074,69885528
2075,70330275
2076,123397174
2077,123148199
2078,69884340
2079,123147910
2080,70330573
2081,123396816
2082,JAZ_201
2083,70335279
2084,123148037
2085,70336091
2086,123147824
2087,70335711
2088,70335307
2089,70332217
2090,123147953
2091,69887036
2092,123397862
2093,69885142
2094,69886346
2095,JAZ_210
2096,77357822
2097,69884814
2098,75473335
2099,70334643
2100,111861139
2101,123397160
2102,70331739
2103,70332589
2104,70330185
2105,69885566
2106,69885134
2107,70331475
2108,69886330
2109,123396734
2110,69884128
2111,70331511
2112,70332161
2113,JAZ_104
2114,77357664
2115,70335361
2116,123148280
2117,70331997
2118,69886162
2119,69884386
2120,70332477
2121,69886104
2122,70334367
2123,70332475
2124,69886410
2125,70334957
2126,70335001
2127,70333977
2128,70330597
2129,70332197
2130,70332245
2131,123397423
2132,70335843
2133,JAZ_131
2134,77357746
2135,70334533
2136,77357856
2137,70331033
2138,69886150
2139,69886530
2140,70333749
2141,70333689
2142,70335311
2143,70335975
2144,JAZ_76
2145,69884670
2146,70333171
2147,69886514
2148,123398159
2149,70333439
2150,JAZ_174
2151,70330757
2152,70332049
2153,JAZ_97
2154,70331169
2155,70334203
2156,JAZ_89
2157,123397234
2158,69884396
2159,123397312
2160,70332481
2161,77358128
2162,123147980
2163,123148183
2164,70333489
2165,70333637
2166,70330343
2167,70331003
2168,70332665
2169,69887034
2170,70330255
2171,69884568
2172,69884224
2173,70330603
2174,70334687
2175,69886996
2176,69886474
2177,70331537
2178,70331697
2179,69885104
2180,70331507
2181,69884696
2182,69886930
2183,70332213
2184,69885546
2185,70333621
2186,JAZ_173
2187,70333375
2188,69886682
2189,70334123
2190,70334775
2191,69886318
2192,123396753
2193,JAZ_218
2194,70331745
2195,70336311
2196,123147991
2197,69883654
2198,69885162
2199,70335523
2200,70336183
2201,123148205
2202,70333295
2203,JAZ_168
2204,123398219
2205,69886350
2206,123397759
2207,70333369
2208,70333045
2209,70333983
2210,69883856
2211,69886294
2212,70331977
2213,123397851
2214,123398170
2215,JAZ_94
2216,69885506
2217,123397940
2218,70336117
2219,70332977
2220,123397692
2221,JAZ_200
2222,69884104
2223,69883958
2224,69885924
2225,111861055
2226,70333791
2227,70335293
2228,77357892
2229,JAZ_29
2230,69886060
2231,70333683
2232,69884710
2233,69886300
2234,77357660
2235,69886472
2236,123397928
2237,70332325
2238,70333855
2239,70332373
2240,69885014
2241,70332855
2242,123397448
2243,69885152
2244,70331799
2245,69884574
2246,69885208
2247,70330813
2248,70333321
2249,123147977
2250,69884448
2251,70330305
2252,70335575
2253,70335787
2254,75473303
2255,JAZ_182
2256,69886430
2257,123397412
2258,70335559
2259,70334871
2260,70335033
2261,70334099
2262,JAZ_169
2263,70331335
2264,70332287
2265,70335691
2266,123397854
2267,70334145
2268,123397023
2269,123147814
2270,69884642
2271,70330207
2272,70333253
2273,69885032
2274,69886172
2275,70330373
2276,JAZ_213
2277,70335803
2278,70332691
2279,123397572
2280,69883826
2281,69886510
2282,69885568
2283,70331183
2284,69884746
2285,70335621
2286,123397154
2287,70330469
2288,70331755
2289,123397057
2290,77357998
2291,69884230
2292,70331635
2293,70332139
2294,70333543
2295,123148142
2296,123397776
2297,69886440
2298,69886704
2299,JAZ_240
2300,69886164
2301,70330411
2302,69883730
2303,123397720
2304,70335623
2305,69886676
2306,70331487
2307,70332105
2308,70332779
2309,70336317
2310,70334333
2311,69884886
2312,69885852
2313,123398156
2314,69886836
2315,70336321
2316,69884030
2317,70332111
2318,70331865
2319,70330391
2320,70332681
2321,70333185
2322,69885700
2323,69886588
2324,70335101
2325,123398091
2326,69884698
2327,70330811
2328,69883690
2329,70330203
2330,69886614
2331,123397885
2332,70334785
2333,77358362
2334,70335829
2335,123397925
2336,70334727
2337,JAZ_143
2338,69885330
2339,123148235
2340,JAZ_1
2341,70330191
2342,70332605
2343,70332925
2344,123148045
2345,70332375
2346,70331029
2347,70331589
2348,123397208
2349,77357672
2350,70333793
2351,69886538
2352,70333265
2353,70336151
2354,70336085
2355,70333309
2356,123147920
2357,70330903
2358,70333041
2359,123148124
2360,123147926
2361,123397507
2362,69884964
2363,69884372
2364,123397960
2365,69883816
2366,69884468
2367,123147795
2368,123396981
2369,69883650
2370,69885922
2371,69886718
2372,69884790
2373,70334697
2374,77358240
2375,69886630
2376,123397462
2377,69886402
2378,70332767
2379,123148105
2380,70332447
2381,70331387
2382,70334493
2383,70331535
2384,70330363
2385,70332883
2386,70333497
2387,70330855
2388,70336191
2389,77357816
2390,123147918
2391,70332101
2392,123398082
2393,69884810
2394,70332393
2395,69884310
2396,70332151
2397,123396702
2398,70334491
2399,70332329
2400,123398051
2401,70332613
2402,70330339
2403,70333901
2404,69884744
2405,70332971
2406,70334341
2407,123147833
2408,70334579
2409,70331297
2410,70335549
2411,77357638
2412,77357662
2413,123147888
2414,123398256
2415,123396975
2416,123398133
2417,70332751
2418,69884482
2419,70333871
2420,69885906
2421,70332229
2422,69886738
2423,123148104
2424,70335867
2425,123147894
2426,70331571
2427,69884432
2428,69883698
2429,69887038
2430,70333913
2431,123397820
2432,70333457
2433,69885446
2434,70333141
2435,123397384
2436,70332247
2437,70335467
2438,70333723
2439,69884954
2440,123148243
2441,69886790
2442,70332193
2443,123147908
2444,111861511
2445,69886352
2446,69886594
2447,70332811
2448,70332241
2449,70330257
2450,70331599
2451,70332717
2452,70333721
2453,70335517
2454,77357960
2455,69885138
2456,70332233
2457,77358264
2458,69884374
2459,123148075
2460,70333759
2461,70334383
2462,123147863
2463,70334019
2464,69883632
2465,123147829
2466,70336081
2467,JAZ_215
2468,70331051
2469,69886606
2470,70336083
2471,70331797
2472,77357820
2473,69884368
2474,69884248
2475,69886290
2476,77358014
2477,70332265
2478,69883810
2479,70331457
2480,123147932
2481,70332215
2482,69886610
2483,70331223
2484,69884634
2485,123147993
2486,123147789
2487,70330179
2488,123397826
2489,123148193
2490,123148083
2491,70331049
2492,69883928
2493,69885248
2494,JAZ_232
2495,70333341
2496,70334951
2497,70332489
2498,70332333
2499,69884766
2500,70332369
2501,70334963
2502,70335573
2503,JAZ_5
2504,123397969
2505,69884132
2506,123397073
2507,70333971
2508,123147856
2509,69883622
2510,123148275
2511,69884414
2512,JAZ_175
2513,70336015
2514,JAZ_57
2515,123397429
2516,69884798
2517,70335099
2518,70332009
2519,75473047
2520,69883798
2521,123147922
2522,JAZ_102
2523,JAZ_75
2524,69886178
2525,70335611
2526,JAZ_190
2527,69886266
2528,69885262
2529,69886678
2530,70333693
2531,70331825
2532,JAZ_153
2533,JAZ_26
2534,123397882
2535,123148163
2536,123396907
2537,70334677
2538,123148154
2539,69886622
2540,69885596
2541,JAZ_171
2542,123396984
2543,70334035
2544,70331491
2545,70335451
2546,JAZ_88
2547,JAZ_157
2548,69883644
2549,69884048
2550,123148135
2551,69884020
2552,69884834
2553,70333837
2554,70333373
2555,69885038
2556,69886522
2557,123397189
2558,69885132
2559,70331405
2560,70332843
2561,69883800
2562,123147986
2563,70330291
2564,70333985
2565,JAZ_125
2566,70332421
2567,70335083
2568,70332547
2569,69886586
2570,123398207
2571,69886316
2572,70335541
2573,123396887
2574,70335819
2575,123148279
2576,69884422
2577,69884370
2578,69884520
2579,69885080
2580,70330677
2581,75473283
2582,70336273
2583,69884026
2584,69884908
2585,123147895
2586,JAZ_28
2587,123397594
2588,70331423
2589,70333535
2590,111861679
2591,123148076
2592,123148109
2593,70335369
2594,123147912
2595,75472977
2596,70330671
2597,123148052
2598,70335743
2599,69886312
2600,70335761
2601,70333669
2602,JAZ_214
2603,123148017
2604,69884932
2605,120020868
2606,70332539
2607,69884728
2608,69883988
2609,77358218
2610,111861635
2611,JAZ_166
2612,123147972
2613,70333399
2614,123148126
2615,70332799
2616,70334013
2617,69886392
2618,69885092
2619,70330285
2620,70330739
2621,123147962
2622,70332321
2623,70334659
2624,JAZ_191
2625,123397949
2626,75473577
2627,JAZ_27
2628,69884124
2629,69884398
2630,JAZ_183
2631,123397093
2632,70331453
2633,69885426
2634,70332769
2635,70333179
2636,70334669
2637,70331857
2638,69883652
2639,70330471
2640,69886532
2641,70331667
2642,ZJH_5
2643,123397203
2644,69884688
2645,70335039
2646,69886444
2647,70330355
2648,69885658
2649,JAZ_243
2650,123148187
2651,69885302
2652,70331801
2653,77357894
2654,123147921
2655,69884818
2656,70333451
2657,77357658
2658,JAZ_180
2659,77357648
2660,123397899
2661,70333585
2662,69885026
2663,70331203
2664,70331733
2665,69884088
2666,70330533
2667,70335345
2668,77357736
2669,77358064
2670,69886284
2671,123397806
2672,69886850
2673,70330307
2674,70333873
2675,70333469
2676,123148055
2677,70331501
2678,70332911
2679,70331759
2680,69886276
2681,70335147
2682,70331711
2683,123148143
2684,70334619
2685,JAZ_229
2686,JAZ_38
2687,69886098
2688,69886134
2689,70335609
2690,123147837
2691,69884788
2692,123398267
2693,69884458
2694,69885376
2695,69885054
2696,77357968
2697,70331439
2698,70330681
2699,70333103
2700,70333153
2701,70333931
2702,69883974
2703,123148150
2704,69885802
2705,69884926
2706,70331803
2707,70334071
2708,69885276
2709,70331577
2710,70330213
2711,70333251
2712,69886796
2713,70333299
2714,70331209
2715,69885556
2716,70334139
2717,70331863
2718,123397911
2719,123147778
2720,69884436
2721,69885744
2722,69883886
2723,69883906
2724,70334263
2725,70331349
2726,70335851
2727,JAZ_123
2728,69883850
2729,69884110
2730,70331785
2731,JAZ_87
2732,69884982
2733,70332763
2734,123397370
2735,70333193
2736,70336079
2737,70330341
2738,JAZ_15
2739,69884956
2740,70333819
2741,69885236
2742,69885324
2743,123148048
2744,69886380
2745,70334185
2746,70331551
2747,69885112
2748,70332619
2749,70333545
2750,123148098
2751,70331135
2752,70331641
2753,69885668
2754,123148094
2755,70334243
2756,70334501
2757,70331001
2758,70332833
2759,69886560
2760,70336141
2761,JAZ_204
2762,123397605
2763,70331119
2764,70335455
2765,123147949
2766,69884252
2767,70331105
2768,70332955
2769,70333783
2770,77358220
2771,70334041
2772,70331133
2773,70331449
2774,70332261
2775,70333579
2776,70334053
2777,70333051
2778,70331451
2779,123397118
2780,70332157
2781,123148086
2782,69883752
2783,JAZ_117
2784,70333847
2785,70332551
2786,JAZ_13
2787,70332339
2788,70334147
2789,77358124
2790,69884236
2791,69886528
2792,70333029
2793,JAZ_95
2794,70333517
2795,77357866
2796,123397922
2797,69884160
2798,70332003
2799,70331885
2800,77357886
2801,70331549
2802,70336143
2803,69884592
2804,123397672
2805,70333525
2806,70331913
2807,70331681
2808,70332615
2809,69884158
2810,123148108
2811,70331315
2812,123397714
2813,69886872
2814,70330783
2815,70330791
2816,123148167
2817,123397706
2818,70331993
2819,70331333
2820,69886894
2821,70334709
2822,69884338
2823,70334239
2824,77357962
2825,77358496
2826,123148095
2827,70334313
2828,70335817
2829,123148100
2830,69883976
2831,69886582
2832,69886562
2833,70331343
2834,69886356
2835,70334631
2836,JAZ_39
2837,69885386
2838,70336227
2839,70334935
2840,69886334
2841,70330217
2842,70332457
2843,JAZ_228
2844,70330679
2845,70332965
2846,77358020
2847,123397563
2848,70333125
2849,70332107
2850,123148026
2851,70333245
2852,70332663
2853,69885218
2854,123398102
2855,69883848
2856,70331665
2857,75473131
2858,70330709
2859,70330619
2860,70335093
2861,70333671
2862,69885278
2863,123148001
2864,123148220
2865,70334165
2866,70333477
2867,70335343
2868,JAZ_179
2869,70330489
2870,69883748
2871,69884242
2872,70332189
2873,69883638
2874,69883710
2875,70330723
2876,70331671
2877,77357744
2878,123148206
2879,70332749
2880,JAZ_113
2881,69884364
2882,69886892
2883,70334209
2884,70332115
2885,70330537
2886,70331543
2887,70332423
2888,69886752
2889,123397633
2890,111861529
2891,70336131
2892,70335689
2893,75473163
2894,70330167
2895,69883646
2896,69884606
2897,69886208
2898,70332891
2899,123147801
2900,70336103
2901,70331651
2902,111861491
2903,JAZ_238
2904,77358376
2905,77357694
2906,69886674
2907,70331743
2908,69885292
2909,70334521
2910,123397348
2911,123397301
2912,69887002
2913,69885772
2914,70334819
2915,77357630
2916,JAZ_50
2917,JAZ_78
2918,70334925
2919,123397631
2920,123148072
2921,70334627
2922,69885406
2923,70335061
2924,70333797
2925,70334375
2926,JAZ_248
2927,JAZ_261
2928,70330987
2929,70333995
2930,69884152
2931,123147721
2932,123147845
2933,70333065
2934,JAZ_18
2935,70334915
2936,123147992
2937,70331397
2938,70335475
2939,69884238
2940,69886754
2941,123396571
2942,70334489
2943,70332253
2944,69886570
2945,70333453
2946,69884664
2947,69886626
2948,70335891
2949,123148265
2950,111861677
2951,70330701
2952,70332153
2953,70333127
2954,69885206
2955,JAZ_41
2956,70332313
2957,70333311
2958,123148117
2959,JAZ_8
2960,69885578
2961,70330171
2962,70333909
2963,123147813
2964,69884426
2965,69884580
2966,69885806
2967,69886358
2968,123148231
2969,70330195
2970,70332465
2971,70335169
2972,69886218
2973,123147792
2974,123398080
2975,123397865
2976,123398270
2977,70330181
2978,JAZ_247
2979,70336111
2980,69886224
2981,69886412
2982,JAZ_12
2983,70332387
2984,123397840
2985,70335753
2986,75473635
2987,123398097
2988,70330997
2989,70336179
2990,77357978
2991,70333465
2992,JAZ_156
2993,123398145
2994,123397557
2995,69885746
2996,70335953
2997,123147928
2998,77358280
2999,123148038
3000,123398224
3001,123148156
3002,69885890
3003,70330675
3004,JAZ_208
3005,69884430
3006,123397552
3007,70332295
3008,70332555
3009,69883804
3010,69884218
3011,JAZ_212
3012,123397737
3013,70332953
3014,69885490
3015,123148242
3016,70332861
3017,70332331
3018,69885788
3019,69886770
3020,123147872
3021,JAZ_155
3022,123398054
3023,JAZ_19
3024,70332077
3025,69885424
3026,70334663
3027,69884914
3028,69886156
3029,69885880
3030,69886460
3031,70330237
3032,70334159
3033,123398264
3034,70331149
3035,JAZ_33
3036,70334417
3037,123147807
3038,123398136
3039,69884016
3040,70335777
3041,70332573
3042,70330539
3043,JAZ_217
3044,70333861
3045,69886366
3046,123147815
3047,69884262
3048,70331787
3049,123148216
3050,69886030
3051,69885308
3052,69886520
3053,69886660
3054,69886724
3055,70332471
3056,70332567
3057,77357750
3058,69885066
3059,69885916
3060,70333649
3061,JAZ_254
3062,123147899
3063,69886326
3064,70333335
3065,70335795
3066,123398162
3067,70332499
3068,70333303
3069,70330481
3070,69885166
3071,70331559
3072,77358322
3073,123397675
3074,77357798
3075,69884622
3076,JAZ_134
3077,70331489
3078,70333359
3079,70330383
3080,69884036
3081,123398131
3082,123148211
3083,70333175
3084,70336063
3085,69884596
3086,70334763
3087,111861605
3088,69886686
3089,123397171
3090,70330225
3091,70333925
3092,123148097
3093,70331347
3094,70330923
3095,69883812
3096,70334393
3097,JAZ_130
3098,JAZ_68
3099,70333323
3100,JAZ_98
3101,123148003
3102,70331845
3103,70333379
3104,70333557
3105,123148203
3106,70333405
3107,69883780
3108,69884212
3109,70333773
3110,70332809
3111,69884862
3112,69886376
3113,77357940
3114,77357848
3115,70331079
3116,69883624
3117,69887006
3118,123398008
3119,70331443
3120,69883768
3121,123147817
3122,123148262
3123,70331669
3124,69885240
3125,70331331
3126,70333539
3127,70335763
3128,70333387
3129,70338351
3130,70335655
3131,70333031
3132,111861623
3133,70331727
3134,69886408
3135,69883926
3136,70330871
3137,69883774
3138,70333445
3139,70333711
3140,JAZ_150
3141,70331633
3142,70333803
3143,70333627
3144,70330371
3145,70332851
3146,123397146
3147,69884800
3148,70336347
3149,69886386
3150,70331783
3151,123397340
3152,70331517
3153,69884090
3154,123397848
3155,70330449
3156,123397364
3157,123397020
3158,70330503
3159,70335055
3160,69884620
3161,69884826
3162,69883658
3163,69884054
3164,70334317
3165,123397217
3166,JAZ_3
3167,70334733
3168,77357714
3169,70334351
3170,123147967
3171,69886362
3172,70331703
3173,70332099
3174,123397591
3175,70333521
3176,69885246
3177,70335971
3178,70333467
3179,69886912
3180,69884122
3181,70331581
3182,70334135
3183,123398063
3184,69885060
3185,70336119
3186,123396711
3187,123398114
3188,70330691
3189,70330827
3190,70335889
3191,123147947
3192,JAZ_165
3193,70331053
3194,69886482
3195,69883936
3196,70330187
3197,70335929
3198,69885022
3199,JAZ_258
3200,70333623
3201,70331933
3202,77358086
3203,123147889
3204,123148179
3205,123398099
3206,69885988
3207,70334513
3208,70330223
3209,123397655
3210,123147796
3211,69886696
3212,69886608
3213,77357996
3214,70335433
3215,123397683
3216,69883756
3217,70335241
3218,77358032
3219,123397717
3220,69884936
3221,70333315
3222,70332731
3223,70332993
3224,JAZ_93
3225,75473241
3226,123397790
3227,69883968
3228,70334127
3229,JAZ_60
3230,70332091
3231,70331383
3232,70335717
3233,123148047
3234,77357706
3235,69883934
3236,69884358
3237,69886750
3238,70332817
3239,77357918
3240,JAZ_138
3241,69886518
3242,70334605
3243,JAZ_51
3244,123148214
3245,70332935
3246,70330651
3247,70331849
3248,75473291
3249,70330585
3250,123148116
3251,70332371
3252,69886804
3253,69884286
3254,69886656
3255,69886900
3256,123147825
3257,70335625
3258,69885468
3259,70334097
3260,70331813
3261,JAZ_73
3262,123397728
3263,70330869
3264,70335213
3265,70332017
3266,123147938
3267,69886046
3268,69885634
3269,70331893
3270,70333117
3271,JAZ_221
3272,69883792
3273,123396998
3274,70334559
3275,70335429
3276,123148261
3277,123148149
3278,70331575
3279,123148174
3280,70332755
3281,123398165
3282,69885908
3283,123148128
3284,JAZ_127
3285,123148257
3286,JAZ_151
3287,77357902
3288,123148175
3289,70330627
3290,70334469
3291,70331583
3292,JAZ_140
3293,JAZ_81
3294,70335409
3295,70330521
3296,123397980
3297,70334113
3298,123148121
3299,69887124
3300,75473481
3301,69885690
3302,70333083
3303,70333097
3304,70334131
3305,123397908
3306,69884946
3307,69886278
3308,123147724
3309,123147990
3310,70330809
3311,JAZ_110
3312,70334287
3313,70330979
3314,JAZ_227
3315,69884336
3316,70331573
3317,70332797
3318,123397602
3319,70331943
3320,70334413
3321,70333449
3322,70331941
3323,69886868
3324,69885116
3325,69884536
3326,JAZ_46
3327,70333687
3328,70335107
3329,69886192
3330,70331433
3331,70333789
3332,123148008
3333,69886598
3334,70331619
3335,69885024
3336,70333173
3337,70330951
3338,70334463
3339,77357636
3340,69885800
3341,70331441
3342,70333177
3343,70334023
3344,70334803
3345,70334141
3346,123148224
3347,70333133
3348,JAZ_231
3349,70330457
3350,123396767
3351,69883766
3352,69885576
3353,70331679
3354,70335295
3355,77357958
3356,69884388
3357,69885184
3358,70334903
3359,69884780
3360,70335441
3361,123398230
3362,69886764
3363,70330983
3364,123148249
3365,123397513
3366,70331909
3367,69886182
3368,70331693
3369,123397084
3370,70331927
3371,69884706
3372,70331519
3373,69884884
3374,69886292
3375,69886814
3376,70332845
3377,70335805
3378,123397874
3379,123397642
3380,JAZ_216
3381,70333823
3382,123148255
3383,70332643
3384,70331961
3385,70333105
3386,70332127
3387,70333327
3388,JAZ_84
3389,70333053
3390,70334789
3391,69886062
3392,123397440
3393,123148186
3394,70332985
3395,69883722
3396,70330853
3397,75473157
3398,69885958
3399,70333087
3400,69884276
3401,123147901
3402,JAZ_136
3403,69884428
3404,70331167
3405,70331375
3406,123397991
3407,70333367
3408,JAZ_14
3409,77358150
3410,70334389
3411,70333887
3412,123398153
3413,70335873
3414,JAZ_77
3415,123396839
3416,70334947
3417,69885398
3418,69886722
3419,70332577
3420,69884278
3421,70332959
3422,69884172
3423,70332439
3424,70335047
3425,JAZ_45
3426,70333745
3427,69886600
3428,123397417
3429,70331789
3430,77357640
3431,70334637
3432,70333357
3433,69884390
3434,70331897
3435,69886174
3436,77357872
3437,69885862
3438,69883790
3439,70335305
3440,70334731
3441,69884928
3442,70334581
3443,70332235
3444,69885564
3445,70333973
3446,JAZ_63
3447,JAZ_207
3448,69885926
3449,JAZ_35
3450,70333085
3451,JAZ_219
3452,69884324
3453,123397343
3454,123147935
3455,69884170
3456,70330623
3457,70332141
3458,77357980
3459,69886144
3460,JAZ_6
3461,123397541
3462,123397095
3463,70331325
3464,77358052
3465,123148004
3466,69884296
3467,69886620
3468,70332239
3469,70333199
3470,70335857
3471,70331521
3472,77358106
3473,70335669
3474,JAZ_142
3475,123397669
3476,70331805
3477,123397195
3478,77357784
3479,123398125
3480,75473113
3481,70334031
3482,70331617
3483,69884704
3484,70330273
3485,70332927
3486,69886948
3487,70330857
3488,70332429
3489,70334807
3490,70335639
3491,123397285
3492,123397003
3493,69884094
3494,69883912
3495,70332231
3496,69884332
3497,75473175
3498,70331565
3499,70331391
3500,70338355
3501,123397151
3502,69885720
3503,70332939
3504,70335513
3505,69884226
3506,JAZ_79
3507,69886558
3508,69886848
3509,ZJH_7
3510,123147919
3511,69884210
3512,70330567
3513,70335181
3514,69883878
3515,69885442
3516,70331869
3517,70330785
3518,70331393
3519,70332523
3520,JAZ_202
3521,70334525
3522,70332347
3523,70332761
3524,69884362
3525,123397905
3526,70333731
3527,70331503
3528,ZJH_1
3529,70330829
3530,123397560
3531,69883892
3532,70332501
3533,70334065
3534,70332561
3535,69886094
3536,70334531
3537,70335329
3538,JAZ_121
3539,69886450
3540,70331141
3541,69886420
3542,70336351
3543,69886504
3544,70331597
3545,JAZ_103
3546,77357834
3547,70334743
3548,69886258
3549,69886456
3550,70335525
3551,70335255
3552,69884524
3553,70330513
3554,70334275
3555,69883962
3556,69883738
3557,69884630
3558,70332743
3559,70335457
3560,70333361
3561,70334551
3562,123148263
3563,70330761
3564,JAZ_128
3565,69883642
3566,123148080
3567,77357752
3568,70333317
3569,69885412
3570,70335231
3571,70333751
3572,70332283
3573,70333717
3574,69886636
3575,JAZ_126
3576,70331821
3577,69883950
3578,70330381
3579,70332913
3580,70334181
3581,70335459
3582,70335637
3583,123397651
3584,70335773
3585,70332557
3586,123148077
3587,70330221
3588,69885338
3589,70330271
3590,70331873
3591,69884208
3592,77357878
3593,JAZ_106
3594,123397997
3595,69885898
3596,JAZ_226
3597,123396930
3598,70332449
3599,123148160
3600,70333391
3601,69885164
3602,70330353
3603,70330815
3604,70332745
3605,123147909
3606,JAZ_249
3607,70331323
3608,77357832
3609,69884418
3610,123147857
3611,69883684
3612,70335341
3613,70335449
3614,77358028
3615,70332647
3616,123397934
3617,123148111
3618,123397378
3619,123397329
3620,70330937
3621,123397739
3622,69886746
3623,70334607
3624,70334399
3625,69884608
3626,70332067
3627,70332901
3628,123396700
3629,70332075
3630,70330317
3631,70332355
3632,70334261
3633,111861263
3634,69884676
3635,70330687
3636,70332335
3637,70332433
3638,70333285
3639,70336303
3640,123397251
3641,123147958
3642,123397054
3643,69886926
3644,123148152
3645,69886956
3646,70336153
3647,70334955
3648,JAZ_160
3649,70330629
3650,123397259
3651,69885714
3652,69886496
3653,70335587
3654,123148032
3655,70331861
3656,70332431
3657,69884150
3658,69884120
3659,123147826
3660,123148184
3661,123147847
3662,69886368
3663,70334719
3664,70334553
3665,123397518
3666,70331069
3667,70331431
3668,69884748
3669,70335663
3670,70334467
3671,70333559
3672,70332917
3673,70333049
3674,70332865
3675,70334219
3676,77358038
3677,69884100
3678,69886710
3679,70335263
3680,70331809
3681,70331251
3682,70334641
3683,JAZ_235
3684,JAZ_66
3685,70334433
3686,123147964
3687,123148114
3688,70331935
3689,70333993
3690,70331853
3691,70334459
